PD,Cand_Rap,Cand_Pt,NTrack,Model_JPsiToMuMuOS_PA8Y16,n_JPsiToMuMuOS_PA8Y16,Alpha_JPsiToMuMuOS_PA8Y16,Sigma1_JPsiToMuMuOS_PA8Y16,f_JPsiToMuMuOS_PA8Y16,rSigma21_JPsiToMuMuOS_PA8Y16

DIMUON,1.4-2.4,3.0-6.5,0.0-35.0,DoubleCrystalBall[JPsi]+DoubleCrystalBall[Psi2S]+Uniform[Bkg],[1.6],[2.0]
DIMUON,1.4-2.4,3.0-6.5,0.0-35.0,DoubleCrystalBall[JPsi]+DoubleCrystalBall[Psi2S]+Chebychev1[Bkg],[1.6],[2.0]
DIMUON,1.4-2.4,3.0-6.5,0.0-35.0,DoubleCrystalBall[JPsi]+DoubleCrystalBall[Psi2S]+Chebychev2[Bkg],[1.6],[2.0]
DIMUON,1.4-2.4,3.0-6.5,0.0-35.0,DoubleCrystalBall[JPsi]+DoubleCrystalBall[Psi2S]+Chebychev3[Bkg],[1.6],[2.0]
DIMUON,1.4-2.4,3.0-6.5,0.0-35.0,DoubleCrystalBall[JPsi]+DoubleCrystalBall[Psi2S]+Chebychev4[Bkg],[1.6],[2.0]
DIMUON,1.4-2.4,3.0-6.5,0.0-35.0,DoubleCrystalBall[JPsi]+DoubleCrystalBall[Psi2S]+Chebychev5[Bkg],[1.6],[2.0]
DIMUON,1.4-2.4,3.0-6.5,0.0-35.0,DoubleCrystalBall[JPsi]+DoubleCrystalBall[Psi2S]+Chebychev6[Bkg],[1.6],[2.0]

DIMUON,1.4-2.4,3.0-6.5,35.0-60.0,DoubleCrystalBall[JPsi]+DoubleCrystalBall[Psi2S]+Uniform[Bkg],[1.6],[2.0]
DIMUON,1.4-2.4,3.0-6.5,35.0-60.0,DoubleCrystalBall[JPsi]+DoubleCrystalBall[Psi2S]+Chebychev1[Bkg],[1.6],[2.0],,[0.4;-2.0;2.0],[1.4;0.1;4.0]
DIMUON,1.4-2.4,3.0-6.5,35.0-60.0,DoubleCrystalBall[JPsi]+DoubleCrystalBall[Psi2S]+Chebychev2[Bkg],[1.6],[2.0],,[0.4;-2.0;2.0],[1.4;0.1;4.0]
DIMUON,1.4-2.4,3.0-6.5,35.0-60.0,DoubleCrystalBall[JPsi]+DoubleCrystalBall[Psi2S]+Chebychev3[Bkg],[1.6],[2.0],,[0.4;-2.0;2.0],[1.4;0.1;4.0]
DIMUON,1.4-2.4,3.0-6.5,35.0-60.0,DoubleCrystalBall[JPsi]+DoubleCrystalBall[Psi2S]+Chebychev4[Bkg],[1.6],[2.0],,[0.4;-2.0;2.0],[1.4;0.1;4.0]
DIMUON,1.4-2.4,3.0-6.5,35.0-60.0,DoubleCrystalBall[JPsi]+DoubleCrystalBall[Psi2S]+Chebychev5[Bkg],[1.6],[2.0],,[0.4;-2.0;2.0],[1.4;0.1;4.0]
DIMUON,1.4-2.4,3.0-6.5,35.0-60.0,DoubleCrystalBall[JPsi]+DoubleCrystalBall[Psi2S]+Chebychev6[Bkg],[1.6],[2.0],,[0.4;-2.0;2.0],[1.4;0.1;4.0]

DIMUON,1.4-2.4,3.0-6.5,60.0-90.0,DoubleCrystalBall[JPsi]+DoubleCrystalBall[Psi2S]+Uniform[Bkg],[1.6],[2.0]
DIMUON,1.4-2.4,3.0-6.5,60.0-90.0,DoubleCrystalBall[JPsi]+DoubleCrystalBall[Psi2S]+Chebychev1[Bkg],[1.6],[2.0],,[0.4;-2.0;2.0],[1.4;0.1;4.0]
DIMUON,1.4-2.4,3.0-6.5,60.0-90.0,DoubleCrystalBall[JPsi]+DoubleCrystalBall[Psi2S]+Chebychev2[Bkg],[1.6],[2.0],,[0.4;-2.0;2.0],[1.4;0.1;4.0]
DIMUON,1.4-2.4,3.0-6.5,60.0-90.0,DoubleCrystalBall[JPsi]+DoubleCrystalBall[Psi2S]+Chebychev3[Bkg],[1.6],[2.0],,[0.4;-2.0;2.0],[1.4;0.1;4.0]
DIMUON,1.4-2.4,3.0-6.5,60.0-90.0,DoubleCrystalBall[JPsi]+DoubleCrystalBall[Psi2S]+Chebychev4[Bkg],[1.6],[2.0],,[0.4;-2.0;2.0],[1.4;0.1;4.0]
DIMUON,1.4-2.4,3.0-6.5,60.0-90.0,DoubleCrystalBall[JPsi]+DoubleCrystalBall[Psi2S]+Chebychev5[Bkg],[1.6],[2.0],,[0.4;-2.0;2.0],[1.4;0.1;4.0]
DIMUON,1.4-2.4,3.0-6.5,60.0-90.0,DoubleCrystalBall[JPsi]+DoubleCrystalBall[Psi2S]+Chebychev6[Bkg],[1.6],[2.0],,[0.4;-2.0;2.0],[1.4;0.1;4.0]

DIMUON,1.4-2.4,3.0-6.5,90.0-120.0,DoubleCrystalBall[JPsi]+DoubleCrystalBall[Psi2S]+Uniform[Bkg],[1.6],[2.0],[0.033;0.001;0.090],[0.4;-2.0;2.0],[1.5;0.1;3.0]
DIMUON,1.4-2.4,3.0-6.5,90.0-120.0,DoubleCrystalBall[JPsi]+DoubleCrystalBall[Psi2S]+Chebychev1[Bkg],[1.6],[2.0],[0.033;0.001;0.090],[0.4;-2.0;2.0],[1.5;0.1;4.0]
DIMUON,1.4-2.4,3.0-6.5,90.0-120.0,DoubleCrystalBall[JPsi]+DoubleCrystalBall[Psi2S]+Chebychev2[Bkg],[1.6],[2.0],[0.033;0.001;0.090],[0.4;-2.0;2.0],[1.5;0.1;4.0]
DIMUON,1.4-2.4,3.0-6.5,90.0-120.0,DoubleCrystalBall[JPsi]+DoubleCrystalBall[Psi2S]+Chebychev3[Bkg],[1.6],[2.0],[0.033;0.001;0.090],[0.4;-2.0;2.0],[1.5;0.1;4.0]
DIMUON,1.4-2.4,3.0-6.5,90.0-120.0,DoubleCrystalBall[JPsi]+DoubleCrystalBall[Psi2S]+Chebychev4[Bkg],[1.6],[2.0],[0.033;0.001;0.090],[0.4;-2.0;2.0],[1.5;0.1;4.0]
DIMUON,1.4-2.4,3.0-6.5,90.0-120.0,DoubleCrystalBall[JPsi]+DoubleCrystalBall[Psi2S]+Chebychev5[Bkg],[1.6],[2.0],[0.033;0.001;0.090],[0.4;-2.0;2.0],[1.5;0.1;4.0]
DIMUON,1.4-2.4,3.0-6.5,90.0-120.0,DoubleCrystalBall[JPsi]+DoubleCrystalBall[Psi2S]+Chebychev6[Bkg],[1.6],[2.0],[0.033;0.001;0.090],[0.4;-2.0;2.0],[1.5;0.1;4.0]

DIMUON,1.4-2.4,3.0-6.5,120.0-155.0,DoubleCrystalBall[JPsi]+DoubleCrystalBall[Psi2S]+Uniform[Bkg],[1.6],[2.0]
DIMUON,1.4-2.4,3.0-6.5,120.0-155.0,DoubleCrystalBall[JPsi]+DoubleCrystalBall[Psi2S]+Chebychev1[Bkg],[1.6],[2.0],,[0.4;-2.0;2.0],[1.4;0.1;4.0]
DIMUON,1.4-2.4,3.0-6.5,120.0-155.0,DoubleCrystalBall[JPsi]+DoubleCrystalBall[Psi2S]+Chebychev2[Bkg],[1.6],[2.0],,[0.4;-2.0;2.0],[1.4;0.1;4.0]
DIMUON,1.4-2.4,3.0-6.5,120.0-155.0,DoubleCrystalBall[JPsi]+DoubleCrystalBall[Psi2S]+Chebychev3[Bkg],[1.6],[2.0],,[0.4;-2.0;2.0],[1.4;0.1;4.0]
DIMUON,1.4-2.4,3.0-6.5,120.0-155.0,DoubleCrystalBall[JPsi]+DoubleCrystalBall[Psi2S]+Chebychev4[Bkg],[1.6],[2.0],,[0.4;-2.0;2.0],[1.4;0.1;4.0]
DIMUON,1.4-2.4,3.0-6.5,120.0-155.0,DoubleCrystalBall[JPsi]+DoubleCrystalBall[Psi2S]+Chebychev5[Bkg],[1.6],[2.0],,[0.4;-2.0;2.0],[1.4;0.1;4.0]
DIMUON,1.4-2.4,3.0-6.5,120.0-155.0,DoubleCrystalBall[JPsi]+DoubleCrystalBall[Psi2S]+Chebychev6[Bkg],[1.6],[2.0],,[0.4;-2.0;2.0],[1.4;0.1;4.0]

DIMUON,1.4-2.4,3.0-6.5,155.0-190.0,DoubleCrystalBall[JPsi]+DoubleCrystalBall[Psi2S]+Uniform[Bkg],[1.6],[2.0]
DIMUON,1.4-2.4,3.0-6.5,155.0-190.0,DoubleCrystalBall[JPsi]+DoubleCrystalBall[Psi2S]+Chebychev1[Bkg],[1.6],[2.0],[0.042;0.001;0.090],[0.7;0.0;1.0],[1.6;0.1;4.0]
DIMUON,1.4-2.4,3.0-6.5,155.0-190.0,DoubleCrystalBall[JPsi]+DoubleCrystalBall[Psi2S]+Chebychev2[Bkg],[1.6],[2.0],[0.042;0.001;0.090],[0.7;-2.0;2.0],[1.6;0.1;4.0]
DIMUON,1.4-2.4,3.0-6.5,155.0-190.0,DoubleCrystalBall[JPsi]+DoubleCrystalBall[Psi2S]+Chebychev3[Bkg],[1.6],[2.0],[0.042;0.001;0.090],[0.7;-0.5;1.3],[1.6;0.5;2.7]
DIMUON,1.4-2.4,3.0-6.5,155.0-190.0,DoubleCrystalBall[JPsi]+DoubleCrystalBall[Psi2S]+Chebychev4[Bkg],[1.6],[2.0],[0.042;0.001;0.090],[0.7;-2.0;2.0],[1.6;0.1;4.0]
DIMUON,1.4-2.4,3.0-6.5,155.0-190.0,DoubleCrystalBall[JPsi]+DoubleCrystalBall[Psi2S]+Chebychev5[Bkg],[1.6],[2.0],[0.042;0.001;0.090],[0.7;-2.0;2.0],[1.6;0.1;4.0]
DIMUON,1.4-2.4,3.0-6.5,155.0-190.0,DoubleCrystalBall[JPsi]+DoubleCrystalBall[Psi2S]+Chebychev6[Bkg],[1.6],[2.0],[0.042;0.001;0.090],[0.7;-2.0;2.0],[1.6;0.1;4.0]

DIMUON,1.4-2.4,3.0-6.5,190.0-1000.0,DoubleCrystalBall[JPsi]+DoubleCrystalBall[Psi2S]+Uniform[Bkg],[1.6],[2.0]
DIMUON,1.4-2.4,3.0-6.5,190.0-1000.0,DoubleCrystalBall[JPsi]+DoubleCrystalBall[Psi2S]+Chebychev1[Bkg],[1.6],[2.0],[0.041;0.001;0.100],[0.6;0.0;1.0],[1.6;0.9;4.0]
DIMUON,1.4-2.4,3.0-6.5,190.0-1000.0,DoubleCrystalBall[JPsi]+DoubleCrystalBall[Psi2S]+Chebychev2[Bkg],[1.6],[2.0],[0.041;-0.100;0.200],[0.4;0.0;1.0],[1.4;0.1;4.0]
DIMUON,1.4-2.4,3.0-6.5,190.0-1000.0,DoubleCrystalBall[JPsi]+DoubleCrystalBall[Psi2S]+Chebychev3[Bkg],[1.6],[2.0],[0.041;0.001;0.100],[0.6;-2.0;2.0],[1.6;0.1;4.0]
DIMUON,1.4-2.4,3.0-6.5,190.0-1000.0,DoubleCrystalBall[JPsi]+DoubleCrystalBall[Psi2S]+Chebychev4[Bkg],[1.6],[2.0],[0.041;-0.100;0.200],[0.6;-4.0;4.0],[1.6;0.5;4.0]
DIMUON,1.4-2.4,3.0-6.5,190.0-1000.0,DoubleCrystalBall[JPsi]+DoubleCrystalBall[Psi2S]+Chebychev5[Bkg],[1.6],[2.0],[0.041;-0.100;0.200],[0.6;-2.0;2.0],[1.6;0.1;4.0]
DIMUON,1.4-2.4,3.0-6.5,190.0-1000.0,DoubleCrystalBall[JPsi]+DoubleCrystalBall[Psi2S]+Chebychev6[Bkg],[1.6],[2.0],[0.041;0.001;0.100],[0.6;-2.0;2.0],[1.6;0.1;4.0]

DIMUON,1.4-2.4,6.5-9.0,0.0-35.0,DoubleCrystalBall[JPsi]+DoubleCrystalBall[Psi2S]+Uniform[Bkg],[1.6],[2.0]
DIMUON,1.4-2.4,6.5-9.0,0.0-35.0,DoubleCrystalBall[JPsi]+DoubleCrystalBall[Psi2S]+Chebychev1[Bkg],[1.6],[2.0]
DIMUON,1.4-2.4,6.5-9.0,0.0-35.0,DoubleCrystalBall[JPsi]+DoubleCrystalBall[Psi2S]+Chebychev2[Bkg],[1.6],[2.0]
DIMUON,1.4-2.4,6.5-9.0,0.0-35.0,DoubleCrystalBall[JPsi]+DoubleCrystalBall[Psi2S]+Chebychev3[Bkg],[1.6],[2.0]
DIMUON,1.4-2.4,6.5-9.0,0.0-35.0,DoubleCrystalBall[JPsi]+DoubleCrystalBall[Psi2S]+Chebychev4[Bkg],[1.6],[2.0]
DIMUON,1.4-2.4,6.5-9.0,0.0-35.0,DoubleCrystalBall[JPsi]+DoubleCrystalBall[Psi2S]+Chebychev5[Bkg],[1.6],[2.0]
DIMUON,1.4-2.4,6.5-9.0,0.0-35.0,DoubleCrystalBall[JPsi]+DoubleCrystalBall[Psi2S]+Chebychev6[Bkg],[1.6],[2.0]

DIMUON,1.4-2.4,6.5-9.0,35.0-60.0,DoubleCrystalBall[JPsi]+DoubleCrystalBall[Psi2S]+Uniform[Bkg],[1.6],[2.0]
DIMUON,1.4-2.4,6.5-9.0,35.0-60.0,DoubleCrystalBall[JPsi]+DoubleCrystalBall[Psi2S]+Chebychev1[Bkg],[1.6],[2.0]
DIMUON,1.4-2.4,6.5-9.0,35.0-60.0,DoubleCrystalBall[JPsi]+DoubleCrystalBall[Psi2S]+Chebychev2[Bkg],[1.6],[2.0]
DIMUON,1.4-2.4,6.5-9.0,35.0-60.0,DoubleCrystalBall[JPsi]+DoubleCrystalBall[Psi2S]+Chebychev3[Bkg],[1.6],[2.0]
DIMUON,1.4-2.4,6.5-9.0,35.0-60.0,DoubleCrystalBall[JPsi]+DoubleCrystalBall[Psi2S]+Chebychev4[Bkg],[1.6],[2.0]
DIMUON,1.4-2.4,6.5-9.0,35.0-60.0,DoubleCrystalBall[JPsi]+DoubleCrystalBall[Psi2S]+Chebychev5[Bkg],[1.6],[2.0]
DIMUON,1.4-2.4,6.5-9.0,35.0-60.0,DoubleCrystalBall[JPsi]+DoubleCrystalBall[Psi2S]+Chebychev6[Bkg],[1.6],[2.0]

DIMUON,1.4-2.4,6.5-9.0,60.0-90.0,DoubleCrystalBall[JPsi]+DoubleCrystalBall[Psi2S]+Uniform[Bkg],[1.6],[2.0]
DIMUON,1.4-2.4,6.5-9.0,60.0-90.0,DoubleCrystalBall[JPsi]+DoubleCrystalBall[Psi2S]+Chebychev1[Bkg],[1.6],[2.0]
DIMUON,1.4-2.4,6.5-9.0,60.0-90.0,DoubleCrystalBall[JPsi]+DoubleCrystalBall[Psi2S]+Chebychev2[Bkg],[1.6],[2.0]
DIMUON,1.4-2.4,6.5-9.0,60.0-90.0,DoubleCrystalBall[JPsi]+DoubleCrystalBall[Psi2S]+Chebychev3[Bkg],[1.6],[2.0]
DIMUON,1.4-2.4,6.5-9.0,60.0-90.0,DoubleCrystalBall[JPsi]+DoubleCrystalBall[Psi2S]+Chebychev4[Bkg],[1.6],[2.0]
DIMUON,1.4-2.4,6.5-9.0,60.0-90.0,DoubleCrystalBall[JPsi]+DoubleCrystalBall[Psi2S]+Chebychev5[Bkg],[1.6],[2.0]
DIMUON,1.4-2.4,6.5-9.0,60.0-90.0,DoubleCrystalBall[JPsi]+DoubleCrystalBall[Psi2S]+Chebychev6[Bkg],[1.6],[2.0]

DIMUON,1.4-2.4,6.5-9.0,90.0-120.0,DoubleCrystalBall[JPsi]+DoubleCrystalBall[Psi2S]+Uniform[Bkg],[1.6],[2.0]
DIMUON,1.4-2.4,6.5-9.0,90.0-120.0,DoubleCrystalBall[JPsi]+DoubleCrystalBall[Psi2S]+Chebychev1[Bkg],[1.6],[2.0]
DIMUON,1.4-2.4,6.5-9.0,90.0-120.0,DoubleCrystalBall[JPsi]+DoubleCrystalBall[Psi2S]+Chebychev2[Bkg],[1.6],[2.0]
DIMUON,1.4-2.4,6.5-9.0,90.0-120.0,DoubleCrystalBall[JPsi]+DoubleCrystalBall[Psi2S]+Chebychev3[Bkg],[1.6],[2.0]
DIMUON,1.4-2.4,6.5-9.0,90.0-120.0,DoubleCrystalBall[JPsi]+DoubleCrystalBall[Psi2S]+Chebychev4[Bkg],[1.6],[2.0]
DIMUON,1.4-2.4,6.5-9.0,90.0-120.0,DoubleCrystalBall[JPsi]+DoubleCrystalBall[Psi2S]+Chebychev5[Bkg],[1.6],[2.0]
DIMUON,1.4-2.4,6.5-9.0,90.0-120.0,DoubleCrystalBall[JPsi]+DoubleCrystalBall[Psi2S]+Chebychev6[Bkg],[1.6],[2.0]

DIMUON,1.4-2.4,6.5-9.0,120.0-155.0,DoubleCrystalBall[JPsi]+DoubleCrystalBall[Psi2S]+Uniform[Bkg],[1.6],[2.0]
DIMUON,1.4-2.4,6.5-9.0,120.0-155.0,DoubleCrystalBall[JPsi]+DoubleCrystalBall[Psi2S]+Chebychev1[Bkg],[1.6],[2.0],,[0.4;-2.0;2.0],[1.4;0.1;4.0]
DIMUON,1.4-2.4,6.5-9.0,120.0-155.0,DoubleCrystalBall[JPsi]+DoubleCrystalBall[Psi2S]+Chebychev2[Bkg],[1.6],[2.0],,[0.4;-2.0;2.0],[1.4;0.1;4.0]
DIMUON,1.4-2.4,6.5-9.0,120.0-155.0,DoubleCrystalBall[JPsi]+DoubleCrystalBall[Psi2S]+Chebychev3[Bkg],[1.6],[2.0],,[0.4;-2.0;2.0],[1.4;0.1;4.0]
DIMUON,1.4-2.4,6.5-9.0,120.0-155.0,DoubleCrystalBall[JPsi]+DoubleCrystalBall[Psi2S]+Chebychev4[Bkg],[1.6],[2.0],,[0.4;-2.0;2.0],[1.4;0.1;4.0]
DIMUON,1.4-2.4,6.5-9.0,120.0-155.0,DoubleCrystalBall[JPsi]+DoubleCrystalBall[Psi2S]+Chebychev5[Bkg],[1.6],[2.0],,[0.4;-2.0;2.0],[1.4;0.1;4.0]
DIMUON,1.4-2.4,6.5-9.0,120.0-155.0,DoubleCrystalBall[JPsi]+DoubleCrystalBall[Psi2S]+Chebychev6[Bkg],[1.6],[2.0],,[0.4;-2.0;2.0],[1.4;0.1;4.0]

DIMUON,1.4-2.4,6.5-9.0,155.0-190.0,DoubleCrystalBall[JPsi]+DoubleCrystalBall[Psi2S]+Uniform[Bkg],[1.6],[2.0]
DIMUON,1.4-2.4,6.5-9.0,155.0-190.0,DoubleCrystalBall[JPsi]+DoubleCrystalBall[Psi2S]+Chebychev1[Bkg],[1.6],[2.0],,[0.8;-2.0;2.0],[1.8;-2.0;7.0]
DIMUON,1.4-2.4,6.5-9.0,155.0-190.0,DoubleCrystalBall[JPsi]+DoubleCrystalBall[Psi2S]+Chebychev2[Bkg],[1.6],[2.0],,[0.8;-2.0;2.0],[1.8;-2.0;7.0]
DIMUON,1.4-2.4,6.5-9.0,155.0-190.0,DoubleCrystalBall[JPsi]+DoubleCrystalBall[Psi2S]+Chebychev3[Bkg],[1.6],[2.0],,[0.8;-2.0;2.0],[1.8;-2.0;7.0]
DIMUON,1.4-2.4,6.5-9.0,155.0-190.0,DoubleCrystalBall[JPsi]+DoubleCrystalBall[Psi2S]+Chebychev4[Bkg],[1.6],[2.0],,[0.8;-2.0;2.0],[1.8;-2.0;7.0]
DIMUON,1.4-2.4,6.5-9.0,155.0-190.0,DoubleCrystalBall[JPsi]+DoubleCrystalBall[Psi2S]+Chebychev5[Bkg],[1.6],[2.0],,[0.8;-2.0;2.0],[1.8;-10.0;10.0]
DIMUON,1.4-2.4,6.5-9.0,155.0-190.0,DoubleCrystalBall[JPsi]+DoubleCrystalBall[Psi2S]+Chebychev6[Bkg],[1.6],[2.0],,[0.8;-2.0;2.0],[1.8;-10.0;10.0]

DIMUON,1.4-2.4,6.5-9.0,190.0-1000.0,DoubleCrystalBall[JPsi]+DoubleCrystalBall[Psi2S]+Uniform[Bkg],[1.6],[2.0],[0.044;0.010;0.060],[0.8;0.0;1.0]
DIMUON,1.4-2.4,6.5-9.0,190.0-1000.0,DoubleCrystalBall[JPsi]+DoubleCrystalBall[Psi2S]+Chebychev1[Bkg],[1.6],[2.0],,[0.8;-2.0;2.0],[2.9;-1.0;7.0]
DIMUON,1.4-2.4,6.5-9.0,190.0-1000.0,DoubleCrystalBall[JPsi]+DoubleCrystalBall[Psi2S]+Chebychev2[Bkg],[1.6],[2.0],,[0.8;-2.0;2.0],[2.9;-1.0;7.0]
DIMUON,1.4-2.4,6.5-9.0,190.0-1000.0,DoubleCrystalBall[JPsi]+DoubleCrystalBall[Psi2S]+Chebychev3[Bkg],[1.6],[2.0],,[0.8;-2.0;2.0],[2.9;-10.0;10.0]
DIMUON,1.4-2.4,6.5-9.0,190.0-1000.0,DoubleCrystalBall[JPsi]+DoubleCrystalBall[Psi2S]+Chebychev4[Bkg],[1.6],[2.0],,[0.8;-2.0;2.0],[2.9;-10.0;10.0]
DIMUON,1.4-2.4,6.5-9.0,190.0-1000.0,DoubleCrystalBall[JPsi]+DoubleCrystalBall[Psi2S]+Chebychev5[Bkg],[1.6],[2.0],,[0.8;-2.0;2.0],[1.8;-10.0;10.0]
DIMUON,1.4-2.4,6.5-9.0,190.0-1000.0,DoubleCrystalBall[JPsi]+DoubleCrystalBall[Psi2S]+Chebychev6[Bkg],[1.6],[2.0],,[0.8;-2.0;2.0],[2.9;-10.0;10.0]

DIMUON,1.4-2.4,9.0-100.0,0.0-35.0,DoubleCrystalBall[JPsi]+DoubleCrystalBall[Psi2S]+Uniform[Bkg],[1.6],[2.0]
DIMUON,1.4-2.4,9.0-100.0,0.0-35.0,DoubleCrystalBall[JPsi]+DoubleCrystalBall[Psi2S]+Chebychev1[Bkg],[1.6],[2.0]
DIMUON,1.4-2.4,9.0-100.0,0.0-35.0,DoubleCrystalBall[JPsi]+DoubleCrystalBall[Psi2S]+Chebychev2[Bkg],[1.6],[2.0]
DIMUON,1.4-2.4,9.0-100.0,0.0-35.0,DoubleCrystalBall[JPsi]+DoubleCrystalBall[Psi2S]+Chebychev3[Bkg],[1.6],[2.0]
DIMUON,1.4-2.4,9.0-100.0,0.0-35.0,DoubleCrystalBall[JPsi]+DoubleCrystalBall[Psi2S]+Chebychev4[Bkg],[1.6],[2.0]
DIMUON,1.4-2.4,9.0-100.0,0.0-35.0,DoubleCrystalBall[JPsi]+DoubleCrystalBall[Psi2S]+Chebychev5[Bkg],[1.6],[2.0]
DIMUON,1.4-2.4,9.0-100.0,0.0-35.0,DoubleCrystalBall[JPsi]+DoubleCrystalBall[Psi2S]+Chebychev6[Bkg],[1.6],[2.0]

DIMUON,1.4-2.4,9.0-100.0,35.0-60.0,DoubleCrystalBall[JPsi]+DoubleCrystalBall[Psi2S]+Uniform[Bkg],[1.6],[2.0]
DIMUON,1.4-2.4,9.0-100.0,35.0-60.0,DoubleCrystalBall[JPsi]+DoubleCrystalBall[Psi2S]+Chebychev1[Bkg],[1.6],[2.0]
DIMUON,1.4-2.4,9.0-100.0,35.0-60.0,DoubleCrystalBall[JPsi]+DoubleCrystalBall[Psi2S]+Chebychev2[Bkg],[1.6],[2.0]
DIMUON,1.4-2.4,9.0-100.0,35.0-60.0,DoubleCrystalBall[JPsi]+DoubleCrystalBall[Psi2S]+Chebychev3[Bkg],[1.6],[2.0]
DIMUON,1.4-2.4,9.0-100.0,35.0-60.0,DoubleCrystalBall[JPsi]+DoubleCrystalBall[Psi2S]+Chebychev4[Bkg],[1.6],[2.0]
DIMUON,1.4-2.4,9.0-100.0,35.0-60.0,DoubleCrystalBall[JPsi]+DoubleCrystalBall[Psi2S]+Chebychev5[Bkg],[1.6],[2.0]
DIMUON,1.4-2.4,9.0-100.0,35.0-60.0,DoubleCrystalBall[JPsi]+DoubleCrystalBall[Psi2S]+Chebychev6[Bkg],[1.6],[2.0]

DIMUON,1.4-2.4,9.0-100.0,60.0-90.0,DoubleCrystalBall[JPsi]+DoubleCrystalBall[Psi2S]+Uniform[Bkg],[1.6],[2.0]
DIMUON,1.4-2.4,9.0-100.0,60.0-90.0,DoubleCrystalBall[JPsi]+DoubleCrystalBall[Psi2S]+Chebychev1[Bkg],[1.6],[2.0]
DIMUON,1.4-2.4,9.0-100.0,60.0-90.0,DoubleCrystalBall[JPsi]+DoubleCrystalBall[Psi2S]+Chebychev2[Bkg],[1.6],[2.0]
DIMUON,1.4-2.4,9.0-100.0,60.0-90.0,DoubleCrystalBall[JPsi]+DoubleCrystalBall[Psi2S]+Chebychev3[Bkg],[1.6],[2.0]
DIMUON,1.4-2.4,9.0-100.0,60.0-90.0,DoubleCrystalBall[JPsi]+DoubleCrystalBall[Psi2S]+Chebychev4[Bkg],[1.6],[2.0]
DIMUON,1.4-2.4,9.0-100.0,60.0-90.0,DoubleCrystalBall[JPsi]+DoubleCrystalBall[Psi2S]+Chebychev5[Bkg],[1.6],[2.0]
DIMUON,1.4-2.4,9.0-100.0,60.0-90.0,DoubleCrystalBall[JPsi]+DoubleCrystalBall[Psi2S]+Chebychev6[Bkg],[1.6],[2.0]

DIMUON,1.4-2.4,9.0-100.0,90.0-120.0,DoubleCrystalBall[JPsi]+DoubleCrystalBall[Psi2S]+Uniform[Bkg],[1.6],[2.0]
DIMUON,1.4-2.4,9.0-100.0,90.0-120.0,DoubleCrystalBall[JPsi]+DoubleCrystalBall[Psi2S]+Chebychev1[Bkg],[1.6],[2.0]
DIMUON,1.4-2.4,9.0-100.0,90.0-120.0,DoubleCrystalBall[JPsi]+DoubleCrystalBall[Psi2S]+Chebychev2[Bkg],[1.6],[2.0]
DIMUON,1.4-2.4,9.0-100.0,90.0-120.0,DoubleCrystalBall[JPsi]+DoubleCrystalBall[Psi2S]+Chebychev3[Bkg],[1.6],[2.0]
DIMUON,1.4-2.4,9.0-100.0,90.0-120.0,DoubleCrystalBall[JPsi]+DoubleCrystalBall[Psi2S]+Chebychev4[Bkg],[1.6],[2.0]
DIMUON,1.4-2.4,9.0-100.0,90.0-120.0,DoubleCrystalBall[JPsi]+DoubleCrystalBall[Psi2S]+Chebychev5[Bkg],[1.6],[2.0]
DIMUON,1.4-2.4,9.0-100.0,90.0-120.0,DoubleCrystalBall[JPsi]+DoubleCrystalBall[Psi2S]+Chebychev6[Bkg],[1.6],[2.0]

DIMUON,1.4-2.4,9.0-100.0,120.0-155.0,DoubleCrystalBall[JPsi]+DoubleCrystalBall[Psi2S]+Uniform[Bkg],[1.6],[2.0]
DIMUON,1.4-2.4,9.0-100.0,120.0-155.0,DoubleCrystalBall[JPsi]+DoubleCrystalBall[Psi2S]+Chebychev1[Bkg],[1.6],[2.0]
DIMUON,1.4-2.4,9.0-100.0,120.0-155.0,DoubleCrystalBall[JPsi]+DoubleCrystalBall[Psi2S]+Chebychev2[Bkg],[1.6],[2.0]
DIMUON,1.4-2.4,9.0-100.0,120.0-155.0,DoubleCrystalBall[JPsi]+DoubleCrystalBall[Psi2S]+Chebychev3[Bkg],[1.6],[2.0]
DIMUON,1.4-2.4,9.0-100.0,120.0-155.0,DoubleCrystalBall[JPsi]+DoubleCrystalBall[Psi2S]+Chebychev4[Bkg],[1.6],[2.0]
DIMUON,1.4-2.4,9.0-100.0,120.0-155.0,DoubleCrystalBall[JPsi]+DoubleCrystalBall[Psi2S]+Chebychev5[Bkg],[1.6],[2.0]
DIMUON,1.4-2.4,9.0-100.0,120.0-155.0,DoubleCrystalBall[JPsi]+DoubleCrystalBall[Psi2S]+Chebychev6[Bkg],[1.6],[2.0]

DIMUON,1.4-2.4,9.0-100.0,155.0-190.0,DoubleCrystalBall[JPsi]+DoubleCrystalBall[Psi2S]+Uniform[Bkg],[1.6],[2.0],[0.039;0.001;0.090],[0.6;-2.0;2.0],[1.5;0.1;5.0]
DIMUON,1.4-2.4,9.0-100.0,155.0-190.0,DoubleCrystalBall[JPsi]+DoubleCrystalBall[Psi2S]+Chebychev1[Bkg],[1.6],[2.0],[0.042;0.010;0.090],[0.7;0.1;2.0],[1.6;0.1;5.0]
DIMUON,1.4-2.4,9.0-100.0,155.0-190.0,DoubleCrystalBall[JPsi]+DoubleCrystalBall[Psi2S]+Chebychev2[Bkg],[1.6],[2.0],[0.042;-0.010;0.100],[0.7;-1.0;2.5],[1.6;0.1;5.0]
DIMUON,1.4-2.4,9.0-100.0,155.0-190.0,DoubleCrystalBall[JPsi]+DoubleCrystalBall[Psi2S]+Chebychev3[Bkg],[1.6],[2.0],[0.042;-0.040;0.120],[0.7;0.0;1.0],[1.6;0.1;3.0]
DIMUON,1.4-2.4,9.0-100.0,155.0-190.0,DoubleCrystalBall[JPsi]+DoubleCrystalBall[Psi2S]+Chebychev4[Bkg],[1.6],[2.0],[0.042;-0.060;0.120],[0.7;-2.0;1.5],[1.6;0.6;5.0]
DIMUON,1.4-2.4,9.0-100.0,155.0-190.0,DoubleCrystalBall[JPsi]+DoubleCrystalBall[Psi2S]+Chebychev5[Bkg],[1.6],[2.0],[0.042;-0.060;0.120],[0.7;0.0;1.0],[1.6;0.1;5.0]
DIMUON,1.4-2.4,9.0-100.0,155.0-190.0,DoubleCrystalBall[JPsi]+DoubleCrystalBall[Psi2S]+Chebychev6[Bkg],[1.6],[2.0],[0.042;0.001;0.090],[0.7;-2.0;2.0],[1.6;0.1;5.0]

DIMUON,1.4-2.4,9.0-100.0,190.0-1000.0,DoubleCrystalBall[JPsi]+DoubleCrystalBall[Psi2S]+Uniform[Bkg],[1.6],[2.0],,[0.4;-2.0;2.0],[1.4;0.1;4.0]
DIMUON,1.4-2.4,9.0-100.0,190.0-1000.0,DoubleCrystalBall[JPsi]+DoubleCrystalBall[Psi2S]+Chebychev1[Bkg],[1.6],[2.0],,[0.4;-2.0;2.0],[1.4;0.1;4.0]
DIMUON,1.4-2.4,9.0-100.0,190.0-1000.0,DoubleCrystalBall[JPsi]+DoubleCrystalBall[Psi2S]+Chebychev2[Bkg],[1.6],[2.0],,[0.4;-2.0;2.0],[1.4;0.1;4.0]
DIMUON,1.4-2.4,9.0-100.0,190.0-1000.0,DoubleCrystalBall[JPsi]+DoubleCrystalBall[Psi2S]+Chebychev3[Bkg],[1.6],[2.0],,[0.4;-2.0;2.0],[1.4;0.1;4.0]
DIMUON,1.4-2.4,9.0-100.0,190.0-1000.0,DoubleCrystalBall[JPsi]+DoubleCrystalBall[Psi2S]+Chebychev4[Bkg],[1.6],[2.0],,[0.4;-2.0;2.0],[1.4;0.1;4.0]
DIMUON,1.4-2.4,9.0-100.0,190.0-1000.0,DoubleCrystalBall[JPsi]+DoubleCrystalBall[Psi2S]+Chebychev5[Bkg],[1.6],[2.0],,[0.4;-2.0;2.0],[1.4;0.1;4.0]
DIMUON,1.4-2.4,9.0-100.0,190.0-1000.0,DoubleCrystalBall[JPsi]+DoubleCrystalBall[Psi2S]+Chebychev6[Bkg],[1.6],[2.0],,[0.4;-2.0;2.0],[1.4;0.1;4.0]
