Cut,PD,Cand_RapCM,Cand_AbsRap,Cand_Pt,NTrack,ModelCandMass_JPsiToMuMuOS_PA8Y16,f_JPsiToMuMuOS_PA8Y16,Sigma1_JPsiToMuMuOS_PA8Y16,rSigma21_JPsiToMuMuOS_PA8Y16,AlphaR_JPsiToMuMuOS_PA8Y16,nR_JPsiToMuMuOS_PA8Y16,Alpha_JPsiToMuMuOS_PA8Y16,n_JPsiToMuMuOS_PA8Y16
PromptDecay,MINBIAS,NONE,1.4-2.4,0.0-1.5,15.0-250.0,SingleExtCrystalBall[JPsi;Psi2S]+Uniform[Bkg],[0.6;-1.0;2.0],[0.030;0.003;0.080],[1.5;0.9;6.0],[1.3966],[8.0],[1.3],[1.9]
PromptDecay,MINBIAS,NONE,1.4-2.4,0.0-1.5,15.0-250.0,SingleExtCrystalBall[JPsi;Psi2S]+ExpChebychev1[Bkg],[0.6;-1.0;2.0],[0.030;0.003;0.080],[1.5;0.9;6.0],[1.3966],[8.0],[1.3],[1.9]
PromptDecay,MINBIAS,NONE,1.4-2.4,0.0-1.5,15.0-250.0,SingleExtCrystalBall[JPsi;Psi2S]+ExpChebychev2[Bkg],[0.6;-1.0;2.0],[0.030;0.003;0.080],[1.5;0.9;6.0],[1.3966],[8.0],[1.3],[1.9]
PromptDecay,MINBIAS,NONE,1.4-2.4,0.0-1.5,15.0-250.0,SingleExtCrystalBall[JPsi;Psi2S]+ExpChebychev3[Bkg],[0.6;-1.0;2.0],[0.030;0.003;0.080],[1.5;0.9;6.0],[1.3966],[8.0],[1.3],[1.9]
PromptDecay,MINBIAS,NONE,1.4-2.4,0.0-1.5,15.0-250.0,SingleExtCrystalBall[JPsi;Psi2S]+ExpChebychev4[Bkg],[0.6;-1.0;2.0],[0.030;0.003;0.080],[1.5;0.9;6.0],[1.3966],[8.0],[1.3],[1.9]
PromptDecay,MINBIAS,NONE,1.4-2.4,0.0-1.5,15.0-250.0,SingleExtCrystalBall[JPsi;Psi2S]+ExpChebychev5[Bkg],[0.6;-1.0;2.0],[0.030;0.003;0.080],[1.5;0.9;6.0],[1.3966],[8.0],[1.3],[1.9]
PromptDecay,MINBIAS,NONE,1.4-2.4,0.0-1.5,15.0-250.0,SingleExtCrystalBall[JPsi;Psi2S]+ExpChebychev6[Bkg],[0.6;-1.0;2.0],[0.030;0.003;0.080],[1.5;0.9;6.0],[1.3966],[8.0],[1.3],[1.9]
PromptDecay,MINBIAS,NONE,1.4-2.4,1.5-3.0,15.0-250.0,SingleExtCrystalBall[JPsi;Psi2S]+Uniform[Bkg],[0.6;-1.0;2.0],[0.030;0.003;0.080],[1.5;0.9;6.0],[1.5183],[8.0],[1.3],[1.9]
PromptDecay,MINBIAS,NONE,1.4-2.4,1.5-3.0,15.0-250.0,SingleExtCrystalBall[JPsi;Psi2S]+ExpChebychev1[Bkg],[0.6;-1.0;2.0],[0.030;0.003;0.080],[1.5;0.9;6.0],[1.5183],[8.0],[1.3],[1.9]
PromptDecay,MINBIAS,NONE,1.4-2.4,1.5-3.0,15.0-250.0,SingleExtCrystalBall[JPsi;Psi2S]+ExpChebychev2[Bkg],[0.6;-1.0;2.0],[0.030;0.003;0.080],[1.5;0.9;6.0],[1.5183],[8.0],[1.3],[1.9]
PromptDecay,MINBIAS,NONE,1.4-2.4,1.5-3.0,15.0-250.0,SingleExtCrystalBall[JPsi;Psi2S]+ExpChebychev3[Bkg],[0.6;-1.0;2.0],[0.030;0.003;0.080],[1.5;0.9;6.0],[1.5183],[8.0],[1.3],[1.9]
PromptDecay,MINBIAS,NONE,1.4-2.4,1.5-3.0,15.0-250.0,SingleExtCrystalBall[JPsi;Psi2S]+ExpChebychev4[Bkg],[0.6;-1.0;2.0],[0.030;0.003;0.080],[1.5;0.9;6.0],[1.5183],[8.0],[1.3],[1.9]
PromptDecay,MINBIAS,NONE,1.4-2.4,1.5-3.0,15.0-250.0,SingleExtCrystalBall[JPsi;Psi2S]+ExpChebychev5[Bkg],[0.6;-1.0;2.0],[0.030;0.003;0.080],[1.5;0.9;6.0],[1.5183],[8.0],[1.3],[1.9]
PromptDecay,MINBIAS,NONE,1.4-2.4,1.5-3.0,15.0-250.0,SingleExtCrystalBall[JPsi;Psi2S]+ExpChebychev6[Bkg],[0.6;-1.0;2.0],[0.030;0.003;0.080],[1.5;0.9;6.0],[1.5183],[8.0],[1.3],[1.9]
PromptDecay,DIMUON,NONE,1.4-2.4,3.0-4.0,15.0-250.0,GaussianAndExtCrystalBall[JPsi;Psi2S]+Uniform[Bkg],[0.26;-1.0;1.0],[0.035;0.01;0.045],[1.5060],[2.2426],[11.0],[1.5],[1.9]
PromptDecay,DIMUON,NONE,1.4-2.4,3.0-4.0,15.0-250.0,GaussianAndExtCrystalBall[JPsi;Psi2S]+ExpChebychev1[Bkg],[0.26;-1.0;1.0],[0.035;0.01;0.045],[1.5060],[2.2426],[11.0],[1.5],[1.9]
PromptDecay,DIMUON,NONE,1.4-2.4,3.0-4.0,15.0-250.0,GaussianAndExtCrystalBall[JPsi;Psi2S]+ExpChebychev2[Bkg],[0.26;-1.0;1.0],[0.035;0.01;0.045],[1.5060],[2.2426],[11.0],[1.5],[1.9]
PromptDecay,DIMUON,NONE,1.4-2.4,3.0-4.0,15.0-250.0,GaussianAndExtCrystalBall[JPsi;Psi2S]+ExpChebychev3[Bkg],[0.26;-1.0;1.0],[0.035;0.01;0.045],[1.5060],[2.2426],[11.0],[1.5],[1.9]
PromptDecay,DIMUON,NONE,1.4-2.4,3.0-4.0,15.0-250.0,GaussianAndExtCrystalBall[JPsi;Psi2S]+ExpChebychev4[Bkg],[0.26;-1.0;1.0],[0.035;0.01;0.045],[1.5060],[2.2426],[11.0],[1.5],[1.9]
PromptDecay,DIMUON,NONE,1.4-2.4,3.0-4.0,15.0-250.0,GaussianAndExtCrystalBall[JPsi;Psi2S]+ExpChebychev5[Bkg],[0.26;-1.0;1.0],[0.035;0.01;0.045],[1.5060],[2.2426],[11.0],[1.5],[1.9]
PromptDecay,DIMUON,NONE,1.4-2.4,3.0-4.0,15.0-250.0,GaussianAndExtCrystalBall[JPsi;Psi2S]+ExpChebychev6[Bkg],[0.26;-1.0;1.0],[0.035;0.01;0.045],[1.5060],[2.2426],[11.0],[1.5],[1.9]
PromptDecay,DIMUON,NONE,1.4-2.4,4.0-5.0,15.0-250.0,GaussianAndExtCrystalBall[JPsi;Psi2S]+Uniform[Bkg],[0.35;-1.0;2.0],[0.037;0.003;0.080],[1.3210],[1.9049],[11.0],[1.5],[1.9]
PromptDecay,DIMUON,NONE,1.4-2.4,4.0-5.0,15.0-250.0,GaussianAndExtCrystalBall[JPsi;Psi2S]+ExpChebychev1[Bkg],[0.35;-1.0;2.0],[0.037;0.003;0.080],[1.3210],[1.9049],[11.0],[1.5],[1.9]
PromptDecay,DIMUON,NONE,1.4-2.4,4.0-5.0,15.0-250.0,GaussianAndExtCrystalBall[JPsi;Psi2S]+ExpChebychev2[Bkg],[0.35;-1.0;2.0],[0.037;0.003;0.080],[1.3210],[1.9049],[11.0],[1.5],[1.9]
PromptDecay,DIMUON,NONE,1.4-2.4,4.0-5.0,15.0-250.0,GaussianAndExtCrystalBall[JPsi;Psi2S]+ExpChebychev3[Bkg],[0.35;-1.0;2.0],[0.037;0.003;0.080],[1.3210],[1.9049],[11.0],[1.5],[1.9]
PromptDecay,DIMUON,NONE,1.4-2.4,4.0-5.0,15.0-250.0,GaussianAndExtCrystalBall[JPsi;Psi2S]+ExpChebychev4[Bkg],[0.35;-1.0;2.0],[0.037;0.003;0.080],[1.3210],[1.9049],[11.0],[1.5],[1.9]
PromptDecay,DIMUON,NONE,1.4-2.4,4.0-5.0,15.0-250.0,GaussianAndExtCrystalBall[JPsi;Psi2S]+ExpChebychev5[Bkg],[0.35;-1.0;2.0],[0.037;0.003;0.080],[1.3210],[1.9049],[11.0],[1.5],[1.9]
PromptDecay,DIMUON,NONE,1.4-2.4,4.0-5.0,15.0-250.0,GaussianAndExtCrystalBall[JPsi;Psi2S]+ExpChebychev6[Bkg],[0.35;-1.0;2.0],[0.037;0.003;0.080],[1.3210],[1.9049],[11.0],[1.5],[1.9]
PromptDecay,DIMUON,NONE,1.4-2.4,5.0-6.5,15.0-250.0,GaussianAndExtCrystalBall[JPsi;Psi2S]+Uniform[Bkg],[0.6;-1.0;2.0],[0.030;0.003;0.080],[1.2077],[1.5905],[11.0],[1.5],[1.9]
PromptDecay,DIMUON,NONE,1.4-2.4,5.0-6.5,15.0-250.0,GaussianAndExtCrystalBall[JPsi;Psi2S]+ExpChebychev1[Bkg],[0.6;-1.0;2.0],[0.030;0.003;0.080],[1.2077],[1.5905],[11.0],[1.5],[1.9]
PromptDecay,DIMUON,NONE,1.4-2.4,5.0-6.5,15.0-250.0,GaussianAndExtCrystalBall[JPsi;Psi2S]+ExpChebychev2[Bkg],[0.6;-1.0;2.0],[0.030;0.003;0.080],[1.2077],[1.5905],[11.0],[1.5],[1.9]
PromptDecay,DIMUON,NONE,1.4-2.4,5.0-6.5,15.0-250.0,GaussianAndExtCrystalBall[JPsi;Psi2S]+ExpChebychev3[Bkg],[0.6;-1.0;2.0],[0.030;0.003;0.080],[1.2077],[1.5905],[11.0],[1.5],[1.9]
PromptDecay,DIMUON,NONE,1.4-2.4,5.0-6.5,15.0-250.0,GaussianAndExtCrystalBall[JPsi;Psi2S]+ExpChebychev4[Bkg],[0.6;-1.0;2.0],[0.030;0.003;0.080],[1.2077],[1.5905],[11.0],[1.5],[1.9]
PromptDecay,DIMUON,NONE,1.4-2.4,5.0-6.5,15.0-250.0,GaussianAndExtCrystalBall[JPsi;Psi2S]+ExpChebychev5[Bkg],[0.6;-1.0;2.0],[0.030;0.003;0.080],[1.2077],[1.5905],[11.0],[1.5],[1.9]
PromptDecay,DIMUON,NONE,1.4-2.4,5.0-6.5,15.0-250.0,GaussianAndExtCrystalBall[JPsi;Psi2S]+ExpChebychev6[Bkg],[0.6;-1.0;2.0],[0.030;0.003;0.080],[1.2077],[1.5905],[11.0],[1.5],[1.9]
PromptDecay,DIMUON,NONE,1.4-2.4,6.5-8.0,15.0-250.0,GaussianAndExtCrystalBall[JPsi;Psi2S]+Uniform[Bkg],[0.6;-1.0;2.0],[0.030;0.003;0.080],[1.2238],[1.5473],[11.0],[1.5],[1.9]
PromptDecay,DIMUON,NONE,1.4-2.4,6.5-8.0,15.0-250.0,GaussianAndExtCrystalBall[JPsi;Psi2S]+ExpChebychev1[Bkg],[0.6;-1.0;2.0],[0.030;0.003;0.080],[1.2238],[1.5473],[11.0],[1.5],[1.9]
PromptDecay,DIMUON,NONE,1.4-2.4,6.5-8.0,15.0-250.0,GaussianAndExtCrystalBall[JPsi;Psi2S]+ExpChebychev2[Bkg],[0.6;-1.0;2.0],[0.030;0.003;0.080],[1.2238],[1.5473],[11.0],[1.5],[1.9]
PromptDecay,DIMUON,NONE,1.4-2.4,6.5-8.0,15.0-250.0,GaussianAndExtCrystalBall[JPsi;Psi2S]+ExpChebychev3[Bkg],[0.6;-1.0;2.0],[0.030;0.003;0.080],[1.2238],[1.5473],[11.0],[1.5],[1.9]
PromptDecay,DIMUON,NONE,1.4-2.4,6.5-8.0,15.0-250.0,GaussianAndExtCrystalBall[JPsi;Psi2S]+ExpChebychev4[Bkg],[0.6;-1.0;2.0],[0.030;0.003;0.080],[1.2238],[1.5473],[11.0],[1.5],[1.9]
PromptDecay,DIMUON,NONE,1.4-2.4,6.5-8.0,15.0-250.0,GaussianAndExtCrystalBall[JPsi;Psi2S]+ExpChebychev5[Bkg],[0.6;-1.0;2.0],[0.030;0.003;0.080],[1.2238],[1.5473],[11.0],[1.5],[1.9]
PromptDecay,DIMUON,NONE,1.4-2.4,6.5-8.0,15.0-250.0,GaussianAndExtCrystalBall[JPsi;Psi2S]+ExpChebychev6[Bkg],[0.6;-1.0;2.0],[0.030;0.003;0.080],[1.2238],[1.5473],[11.0],[1.5],[1.9]
PromptDecay,DIMUON,NONE,1.4-2.4,8.0-10.0,15.0-250.0,GaussianAndExtCrystalBall[JPsi;Psi2S]+Uniform[Bkg],[0.6;-1.0;2.0],[0.030;0.003;0.080],[1.2611],[1.5181],[11.0],[1.5],[1.9]
PromptDecay,DIMUON,NONE,1.4-2.4,8.0-10.0,15.0-250.0,GaussianAndExtCrystalBall[JPsi;Psi2S]+ExpChebychev1[Bkg],[0.6;-1.0;2.0],[0.030;0.003;0.080],[1.2611],[1.5181],[11.0],[1.5],[1.9]
PromptDecay,DIMUON,NONE,1.4-2.4,8.0-10.0,15.0-250.0,GaussianAndExtCrystalBall[JPsi;Psi2S]+ExpChebychev2[Bkg],[0.6;-1.0;2.0],[0.030;0.003;0.080],[1.2611],[1.5181],[11.0],[1.5],[1.9]
PromptDecay,DIMUON,NONE,1.4-2.4,8.0-10.0,15.0-250.0,GaussianAndExtCrystalBall[JPsi;Psi2S]+ExpChebychev3[Bkg],[0.6;-1.0;2.0],[0.030;0.003;0.080],[1.2611],[1.5181],[11.0],[1.5],[1.9]
PromptDecay,DIMUON,NONE,1.4-2.4,8.0-10.0,15.0-250.0,GaussianAndExtCrystalBall[JPsi;Psi2S]+ExpChebychev4[Bkg],[0.6;-1.0;2.0],[0.030;0.003;0.080],[1.2611],[1.5181],[11.0],[1.5],[1.9]
PromptDecay,DIMUON,NONE,1.4-2.4,8.0-10.0,15.0-250.0,GaussianAndExtCrystalBall[JPsi;Psi2S]+ExpChebychev5[Bkg],[0.6;-1.0;2.0],[0.030;0.003;0.080],[1.2611],[1.5181],[11.0],[1.5],[1.9]
PromptDecay,DIMUON,NONE,1.4-2.4,8.0-10.0,15.0-250.0,GaussianAndExtCrystalBall[JPsi;Psi2S]+ExpChebychev6[Bkg],[0.6;-1.0;2.0],[0.030;0.003;0.080],[1.2611],[1.5181],[11.0],[1.5],[1.9]
PromptDecay,DIMUON,NONE,1.4-2.4,10.0-12.0,15.0-250.0,GaussianAndExtCrystalBall[JPsi;Psi2S]+Uniform[Bkg],[0.6;-1.0;2.0],[0.030;0.003;0.080],[1.2799],[1.4449],[11.0],[1.5],[1.9]
PromptDecay,DIMUON,NONE,1.4-2.4,10.0-12.0,15.0-250.0,GaussianAndExtCrystalBall[JPsi;Psi2S]+ExpChebychev1[Bkg],[0.6;-1.0;2.0],[0.030;0.003;0.080],[1.2799],[1.4449],[11.0],[1.5],[1.9]
PromptDecay,DIMUON,NONE,1.4-2.4,10.0-12.0,15.0-250.0,GaussianAndExtCrystalBall[JPsi;Psi2S]+ExpChebychev2[Bkg],[0.6;-1.0;2.0],[0.030;0.003;0.080],[1.2799],[1.4449],[11.0],[1.5],[1.9]
PromptDecay,DIMUON,NONE,1.4-2.4,10.0-12.0,15.0-250.0,GaussianAndExtCrystalBall[JPsi;Psi2S]+ExpChebychev3[Bkg],[0.6;-1.0;2.0],[0.030;0.003;0.080],[1.2799],[1.4449],[11.0],[1.5],[1.9]
PromptDecay,DIMUON,NONE,1.4-2.4,10.0-12.0,15.0-250.0,GaussianAndExtCrystalBall[JPsi;Psi2S]+ExpChebychev4[Bkg],[0.6;-1.0;2.0],[0.030;0.003;0.080],[1.2799],[1.4449],[11.0],[1.5],[1.9]
PromptDecay,DIMUON,NONE,1.4-2.4,10.0-12.0,15.0-250.0,GaussianAndExtCrystalBall[JPsi;Psi2S]+ExpChebychev5[Bkg],[0.6;-1.0;2.0],[0.030;0.003;0.080],[1.2799],[1.4449],[11.0],[1.5],[1.9]
PromptDecay,DIMUON,NONE,1.4-2.4,10.0-12.0,15.0-250.0,GaussianAndExtCrystalBall[JPsi;Psi2S]+ExpChebychev6[Bkg],[0.6;-1.0;2.0],[0.030;0.003;0.080],[1.2799],[1.4449],[11.0],[1.5],[1.9]
PromptDecay,DIMUON,NONE,1.4-2.4,12.0-50.0,15.0-250.0,GaussianAndExtCrystalBall[JPsi;Psi2S]+Uniform[Bkg],[0.6;-1.0;2.0],[0.030;0.003;0.080],[1.2926],[1.3203],[11.0],[1.5],[1.9]
PromptDecay,DIMUON,NONE,1.4-2.4,12.0-50.0,15.0-250.0,GaussianAndExtCrystalBall[JPsi;Psi2S]+ExpChebychev1[Bkg],[0.6;-1.0;2.0],[0.030;0.003;0.080],[1.2926],[1.3203],[11.0],[1.5],[1.9]
PromptDecay,DIMUON,NONE,1.4-2.4,12.0-50.0,15.0-250.0,GaussianAndExtCrystalBall[JPsi;Psi2S]+ExpChebychev2[Bkg],[0.6;-1.0;2.0],[0.030;0.003;0.080],[1.2926],[1.3203],[11.0],[1.5],[1.9]
PromptDecay,DIMUON,NONE,1.4-2.4,12.0-50.0,15.0-250.0,GaussianAndExtCrystalBall[JPsi;Psi2S]+ExpChebychev3[Bkg],[0.6;-1.0;2.0],[0.030;0.003;0.080],[1.2926],[1.3203],[11.0],[1.5],[1.9]
PromptDecay,DIMUON,NONE,1.4-2.4,12.0-50.0,15.0-250.0,GaussianAndExtCrystalBall[JPsi;Psi2S]+ExpChebychev4[Bkg],[0.6;-1.0;2.0],[0.030;0.003;0.080],[1.2926],[1.3203],[11.0],[1.5],[1.9]
PromptDecay,DIMUON,NONE,1.4-2.4,12.0-50.0,15.0-250.0,GaussianAndExtCrystalBall[JPsi;Psi2S]+ExpChebychev5[Bkg],[0.6;-1.0;2.0],[0.030;0.003;0.080],[1.2926],[1.3203],[11.0],[1.5],[1.9]
PromptDecay,DIMUON,NONE,1.4-2.4,12.0-50.0,15.0-250.0,GaussianAndExtCrystalBall[JPsi;Psi2S]+ExpChebychev6[Bkg],[0.6;-1.0;2.0],[0.030;0.003;0.080],[1.2926],[1.3203],[11.0],[1.5],[1.9]
PromptDecay,DIMUON,NONE,1.4-2.4,3.0-50.0,15.0-250.0,GaussianAndExtCrystalBall[JPsi;Psi2S]+Uniform[Bkg],[0.4;-1.0;2.0],[0.037;0.003;0.080],[1.2841],[1.5966],[11.0],[1.5],[1.9]
PromptDecay,DIMUON,NONE,1.4-2.4,3.0-50.0,15.0-250.0,GaussianAndExtCrystalBall[JPsi;Psi2S]+ExpChebychev1[Bkg],[0.4;-1.0;2.0],[0.037;0.003;0.080],[1.2841],[1.5966],[11.0],[1.5],[1.9]
PromptDecay,DIMUON,NONE,1.4-2.4,3.0-50.0,15.0-250.0,GaussianAndExtCrystalBall[JPsi;Psi2S]+ExpChebychev2[Bkg],[0.4;-1.0;2.0],[0.037;0.003;0.080],[1.2841],[1.5966],[11.0],[1.5],[1.9]
PromptDecay,DIMUON,NONE,1.4-2.4,3.0-50.0,15.0-250.0,GaussianAndExtCrystalBall[JPsi;Psi2S]+ExpChebychev3[Bkg],[0.4;-1.0;2.0],[0.037;0.003;0.080],[1.2841],[1.5966],[11.0],[1.5],[1.9]
PromptDecay,DIMUON,NONE,1.4-2.4,3.0-50.0,15.0-250.0,GaussianAndExtCrystalBall[JPsi;Psi2S]+ExpChebychev4[Bkg],[0.4;-1.0;2.0],[0.037;0.003;0.080],[1.2841],[1.5966],[11.0],[1.5],[1.9]
PromptDecay,DIMUON,NONE,1.4-2.4,3.0-50.0,15.0-250.0,GaussianAndExtCrystalBall[JPsi;Psi2S]+ExpChebychev5[Bkg],[0.4;-1.0;2.0],[0.037;0.003;0.080],[1.2841],[1.5966],[11.0],[1.5],[1.9]
PromptDecay,DIMUON,NONE,1.4-2.4,3.0-50.0,15.0-250.0,GaussianAndExtCrystalBall[JPsi;Psi2S]+ExpChebychev6[Bkg],[0.4;-1.0;2.0],[0.037;0.003;0.080],[1.2841],[1.5966],[11.0],[1.5],[1.9]
PromptDecay,DIMUON,NONE,0.0-1.4,6.5-8.0,15.0-250.0,GaussianAndExtCrystalBall[JPsi;Psi2S]+Uniform[Bkg],[0.6;-1.0;2.0],[0.030;0.003;0.080],[1.6036],[2.1488],[7.0],[1.5],[1.8]
PromptDecay,DIMUON,NONE,0.0-1.4,6.5-8.0,15.0-250.0,GaussianAndExtCrystalBall[JPsi;Psi2S]+ExpChebychev1[Bkg],[0.6;-1.0;2.0],[0.030;0.003;0.080],[1.6036],[2.1488],[7.0],[1.5],[1.8]
PromptDecay,DIMUON,NONE,0.0-1.4,6.5-8.0,15.0-250.0,GaussianAndExtCrystalBall[JPsi;Psi2S]+ExpChebychev2[Bkg],[0.6;-1.0;2.0],[0.030;0.003;0.080],[1.6036],[2.1488],[7.0],[1.5],[1.8]
PromptDecay,DIMUON,NONE,0.0-1.4,6.5-8.0,15.0-250.0,GaussianAndExtCrystalBall[JPsi;Psi2S]+ExpChebychev3[Bkg],[0.6;-1.0;2.0],[0.030;0.003;0.080],[1.6036],[2.1488],[7.0],[1.5],[1.8]
PromptDecay,DIMUON,NONE,0.0-1.4,6.5-8.0,15.0-250.0,GaussianAndExtCrystalBall[JPsi;Psi2S]+ExpChebychev4[Bkg],[0.6;-1.0;2.0],[0.030;0.003;0.080],[1.6036],[2.1488],[7.0],[1.5],[1.8]
PromptDecay,DIMUON,NONE,0.0-1.4,6.5-8.0,15.0-250.0,GaussianAndExtCrystalBall[JPsi;Psi2S]+ExpChebychev5[Bkg],[0.6;-1.0;2.0],[0.030;0.003;0.080],[1.6036],[2.1488],[7.0],[1.5],[1.8]
PromptDecay,DIMUON,NONE,0.0-1.4,6.5-8.0,15.0-250.0,GaussianAndExtCrystalBall[JPsi;Psi2S]+ExpChebychev6[Bkg],[0.6;-1.0;2.0],[0.030;0.003;0.080],[1.6036],[2.1488],[7.0],[1.5],[1.8]
PromptDecay,DIMUON,NONE,0.0-1.4,8.0-10.0,15.0-250.0,GaussianAndExtCrystalBall[JPsi;Psi2S]+Uniform[Bkg],[0.6;-1.0;2.0],[0.030;0.003;0.080],[1.5772],[1.7093],[7.0],[1.5],[1.8]
PromptDecay,DIMUON,NONE,0.0-1.4,8.0-10.0,15.0-250.0,GaussianAndExtCrystalBall[JPsi;Psi2S]+ExpChebychev1[Bkg],[0.6;-1.0;2.0],[0.030;0.003;0.080],[1.5772],[1.7093],[7.0],[1.5],[1.8]
PromptDecay,DIMUON,NONE,0.0-1.4,8.0-10.0,15.0-250.0,GaussianAndExtCrystalBall[JPsi;Psi2S]+ExpChebychev2[Bkg],[0.6;-1.0;2.0],[0.030;0.003;0.080],[1.5772],[1.7093],[7.0],[1.5],[1.8]
PromptDecay,DIMUON,NONE,0.0-1.4,8.0-10.0,15.0-250.0,GaussianAndExtCrystalBall[JPsi;Psi2S]+ExpChebychev3[Bkg],[0.6;-1.0;2.0],[0.030;0.003;0.080],[1.5772],[1.7093],[7.0],[1.5],[1.8]
PromptDecay,DIMUON,NONE,0.0-1.4,8.0-10.0,15.0-250.0,GaussianAndExtCrystalBall[JPsi;Psi2S]+ExpChebychev4[Bkg],[0.6;-1.0;2.0],[0.030;0.003;0.080],[1.5772],[1.7093],[7.0],[1.5],[1.8]
PromptDecay,DIMUON,NONE,0.0-1.4,8.0-10.0,15.0-250.0,GaussianAndExtCrystalBall[JPsi;Psi2S]+ExpChebychev5[Bkg],[0.6;-1.0;2.0],[0.030;0.003;0.080],[1.5772],[1.7093],[7.0],[1.5],[1.8]
PromptDecay,DIMUON,NONE,0.0-1.4,8.0-10.0,15.0-250.0,GaussianAndExtCrystalBall[JPsi;Psi2S]+ExpChebychev6[Bkg],[0.6;-1.0;2.0],[0.030;0.003;0.080],[1.5772],[1.7093],[7.0],[1.5],[1.8]
PromptDecay,DIMUON,NONE,0.0-1.4,10.0-12.0,15.0-250.0,GaussianAndExtCrystalBall[JPsi;Psi2S]+Uniform[Bkg],[0.6;-1.0;2.0],[0.030;0.003;0.080],[1.5556],[1.6650],[7.0],[1.5],[1.8]
PromptDecay,DIMUON,NONE,0.0-1.4,10.0-12.0,15.0-250.0,GaussianAndExtCrystalBall[JPsi;Psi2S]+ExpChebychev1[Bkg],[0.6;-1.0;2.0],[0.030;0.003;0.080],[1.5556],[1.6650],[7.0],[1.5],[1.8]
PromptDecay,DIMUON,NONE,0.0-1.4,10.0-12.0,15.0-250.0,GaussianAndExtCrystalBall[JPsi;Psi2S]+ExpChebychev2[Bkg],[0.6;-1.0;2.0],[0.030;0.003;0.080],[1.5556],[1.6650],[7.0],[1.5],[1.8]
PromptDecay,DIMUON,NONE,0.0-1.4,10.0-12.0,15.0-250.0,GaussianAndExtCrystalBall[JPsi;Psi2S]+ExpChebychev3[Bkg],[0.6;-1.0;2.0],[0.030;0.003;0.080],[1.5556],[1.6650],[7.0],[1.5],[1.8]
PromptDecay,DIMUON,NONE,0.0-1.4,10.0-12.0,15.0-250.0,GaussianAndExtCrystalBall[JPsi;Psi2S]+ExpChebychev4[Bkg],[0.6;-1.0;2.0],[0.030;0.003;0.080],[1.5556],[1.6650],[7.0],[1.5],[1.8]
PromptDecay,DIMUON,NONE,0.0-1.4,10.0-12.0,15.0-250.0,GaussianAndExtCrystalBall[JPsi;Psi2S]+ExpChebychev5[Bkg],[0.6;-1.0;2.0],[0.030;0.003;0.080],[1.5556],[1.6650],[7.0],[1.5],[1.8]
PromptDecay,DIMUON,NONE,0.0-1.4,10.0-12.0,15.0-250.0,GaussianAndExtCrystalBall[JPsi;Psi2S]+ExpChebychev6[Bkg],[0.6;-1.0;2.0],[0.030;0.003;0.080],[1.5556],[1.6650],[7.0],[1.5],[1.8]
PromptDecay,DIMUON,NONE,0.0-1.4,12.0-50.0,15.0-250.0,GaussianAndExtCrystalBall[JPsi;Psi2S]+Uniform[Bkg],[0.6;-1.0;2.0],[0.030;0.003;0.080],[1.5525],[1.6060],[7.0],[1.5],[1.8]
PromptDecay,DIMUON,NONE,0.0-1.4,12.0-50.0,15.0-250.0,GaussianAndExtCrystalBall[JPsi;Psi2S]+ExpChebychev1[Bkg],[0.6;-1.0;2.0],[0.030;0.003;0.080],[1.5525],[1.6060],[7.0],[1.5],[1.8]
PromptDecay,DIMUON,NONE,0.0-1.4,12.0-50.0,15.0-250.0,GaussianAndExtCrystalBall[JPsi;Psi2S]+ExpChebychev2[Bkg],[0.6;-1.0;2.0],[0.030;0.003;0.080],[1.5525],[1.6060],[7.0],[1.5],[1.8]
PromptDecay,DIMUON,NONE,0.0-1.4,12.0-50.0,15.0-250.0,GaussianAndExtCrystalBall[JPsi;Psi2S]+ExpChebychev3[Bkg],[0.6;-1.0;2.0],[0.030;0.003;0.080],[1.5525],[1.6060],[7.0],[1.5],[1.8]
PromptDecay,DIMUON,NONE,0.0-1.4,12.0-50.0,15.0-250.0,GaussianAndExtCrystalBall[JPsi;Psi2S]+ExpChebychev4[Bkg],[0.6;-1.0;2.0],[0.030;0.003;0.080],[1.5525],[1.6060],[7.0],[1.5],[1.8]
PromptDecay,DIMUON,NONE,0.0-1.4,12.0-50.0,15.0-250.0,GaussianAndExtCrystalBall[JPsi;Psi2S]+ExpChebychev5[Bkg],[0.6;-1.0;2.0],[0.030;0.003;0.080],[1.5525],[1.6060],[7.0],[1.5],[1.8]
PromptDecay,DIMUON,NONE,0.0-1.4,12.0-50.0,15.0-250.0,GaussianAndExtCrystalBall[JPsi;Psi2S]+ExpChebychev6[Bkg],[0.6;-1.0;2.0],[0.030;0.003;0.080],[1.5525],[1.6060],[7.0],[1.5],[1.8]
PromptDecay,DIMUON,-2.86_-2.4,NONE,6.5-50.0,15.0-250.0,GaussianAndExtCrystalBall[JPsi;Psi2S]+Uniform[Bkg],[0.6;-1.0;2.0],[0.030;0.003;0.080],[1.3273],[1.5007],[11.0],[1.5],[1.9]
PromptDecay,DIMUON,-2.86_-2.4,NONE,6.5-50.0,15.0-250.0,GaussianAndExtCrystalBall[JPsi;Psi2S]+ExpChebychev1[Bkg],[0.6;-1.0;2.0],[0.030;0.003;0.080],[1.3273],[1.5007],[11.0],[1.5],[1.9]
PromptDecay,DIMUON,-2.86_-2.4,NONE,6.5-50.0,15.0-250.0,GaussianAndExtCrystalBall[JPsi;Psi2S]+ExpChebychev2[Bkg],[0.6;-1.0;2.0],[0.030;0.003;0.080],[1.3273],[1.5007],[11.0],[1.5],[1.9]
PromptDecay,DIMUON,-2.86_-2.4,NONE,6.5-50.0,15.0-250.0,GaussianAndExtCrystalBall[JPsi;Psi2S]+ExpChebychev3[Bkg],[0.6;-1.0;2.0],[0.030;0.003;0.080],[1.3273],[1.5007],[11.0],[1.5],[1.9]
PromptDecay,DIMUON,-2.86_-2.4,NONE,6.5-50.0,15.0-250.0,GaussianAndExtCrystalBall[JPsi;Psi2S]+ExpChebychev4[Bkg],[0.6;-1.0;2.0],[0.030;0.003;0.080],[1.3273],[1.5007],[11.0],[1.5],[1.9]
PromptDecay,DIMUON,-2.86_-2.4,NONE,6.5-50.0,15.0-250.0,GaussianAndExtCrystalBall[JPsi;Psi2S]+ExpChebychev5[Bkg],[0.6;-1.0;2.0],[0.030;0.003;0.080],[1.3273],[1.5007],[11.0],[1.5],[1.9]
PromptDecay,DIMUON,-2.86_-2.4,NONE,6.5-50.0,15.0-250.0,GaussianAndExtCrystalBall[JPsi;Psi2S]+ExpChebychev6[Bkg],[0.6;-1.0;2.0],[0.030;0.003;0.080],[1.3273],[1.5007],[11.0],[1.5],[1.9]
PromptDecay,DIMUON,-2.4_-1.93,NONE,6.5-50.0,15.0-250.0,GaussianAndExtCrystalBall[JPsi;Psi2S]+Uniform[Bkg],[0.6;-1.0;2.0],[0.030;0.003;0.080],[1.1665],[1.6281],[11.0],[1.5],[1.9]
PromptDecay,DIMUON,-2.4_-1.93,NONE,6.5-50.0,15.0-250.0,GaussianAndExtCrystalBall[JPsi;Psi2S]+ExpChebychev1[Bkg],[0.6;-1.0;2.0],[0.030;0.003;0.080],[1.1665],[1.6281],[11.0],[1.5],[1.9]
PromptDecay,DIMUON,-2.4_-1.93,NONE,6.5-50.0,15.0-250.0,GaussianAndExtCrystalBall[JPsi;Psi2S]+ExpChebychev2[Bkg],[0.6;-1.0;2.0],[0.030;0.003;0.080],[1.1665],[1.6281],[11.0],[1.5],[1.9]
PromptDecay,DIMUON,-2.4_-1.93,NONE,6.5-50.0,15.0-250.0,GaussianAndExtCrystalBall[JPsi;Psi2S]+ExpChebychev3[Bkg],[0.6;-1.0;2.0],[0.030;0.003;0.080],[1.1665],[1.6281],[11.0],[1.5],[1.9]
PromptDecay,DIMUON,-2.4_-1.93,NONE,6.5-50.0,15.0-250.0,GaussianAndExtCrystalBall[JPsi;Psi2S]+ExpChebychev4[Bkg],[0.6;-1.0;2.0],[0.030;0.003;0.080],[1.1665],[1.6281],[11.0],[1.5],[1.9]
PromptDecay,DIMUON,-2.4_-1.93,NONE,6.5-50.0,15.0-250.0,GaussianAndExtCrystalBall[JPsi;Psi2S]+ExpChebychev5[Bkg],[0.6;-1.0;2.0],[0.030;0.003;0.080],[1.1665],[1.6281],[11.0],[1.5],[1.9]
PromptDecay,DIMUON,-2.4_-1.93,NONE,6.5-50.0,15.0-250.0,GaussianAndExtCrystalBall[JPsi;Psi2S]+ExpChebychev6[Bkg],[0.6;-1.0;2.0],[0.030;0.003;0.080],[1.1665],[1.6281],[11.0],[1.5],[1.9]
PromptDecay,DIMUON,-1.93_-1.6,NONE,6.5-50.0,15.0-250.0,GaussianAndExtCrystalBall[JPsi;Psi2S]+Uniform[Bkg],[0.6;-1.0;2.0],[0.030;0.003;0.080],[1.2362],[1.5289],[7.0],[1.3],[1.9]
PromptDecay,DIMUON,-1.93_-1.6,NONE,6.5-50.0,15.0-250.0,GaussianAndExtCrystalBall[JPsi;Psi2S]+ExpChebychev1[Bkg],[0.6;-1.0;2.0],[0.030;0.003;0.080],[1.2362],[1.5289],[7.0],[1.3],[1.9]
PromptDecay,DIMUON,-1.93_-1.6,NONE,6.5-50.0,15.0-250.0,GaussianAndExtCrystalBall[JPsi;Psi2S]+ExpChebychev2[Bkg],[0.6;-1.0;2.0],[0.030;0.003;0.080],[1.2362],[1.5289],[7.0],[1.3],[1.9]
PromptDecay,DIMUON,-1.93_-1.6,NONE,6.5-50.0,15.0-250.0,GaussianAndExtCrystalBall[JPsi;Psi2S]+ExpChebychev3[Bkg],[0.6;-1.0;2.0],[0.030;0.003;0.080],[1.2362],[1.5289],[7.0],[1.3],[1.9]
PromptDecay,DIMUON,-1.93_-1.6,NONE,6.5-50.0,15.0-250.0,GaussianAndExtCrystalBall[JPsi;Psi2S]+ExpChebychev4[Bkg],[0.6;-1.0;2.0],[0.030;0.003;0.080],[1.2362],[1.5289],[7.0],[1.3],[1.9]
PromptDecay,DIMUON,-1.93_-1.6,NONE,6.5-50.0,15.0-250.0,GaussianAndExtCrystalBall[JPsi;Psi2S]+ExpChebychev5[Bkg],[0.6;-1.0;2.0],[0.030;0.003;0.080],[1.2362],[1.5289],[7.0],[1.3],[1.9]
PromptDecay,DIMUON,-1.93_-1.6,NONE,6.5-50.0,15.0-250.0,GaussianAndExtCrystalBall[JPsi;Psi2S]+ExpChebychev6[Bkg],[0.6;-1.0;2.0],[0.030;0.003;0.080],[1.2362],[1.5289],[7.0],[1.3],[1.9]
PromptDecay,DIMUON,-1.6_-1.2,NONE,6.5-50.0,15.0-250.0,GaussianAndExtCrystalBall[JPsi;Psi2S]+Uniform[Bkg],[0.6;-1.0;2.0],[0.030;0.003;0.080],[1.1920],[1.6141],[7.0],[1.3],[1.9]
PromptDecay,DIMUON,-1.6_-1.2,NONE,6.5-50.0,15.0-250.0,GaussianAndExtCrystalBall[JPsi;Psi2S]+ExpChebychev1[Bkg],[0.6;-1.0;2.0],[0.030;0.003;0.080],[1.1920],[1.6141],[7.0],[1.3],[1.9]
PromptDecay,DIMUON,-1.6_-1.2,NONE,6.5-50.0,15.0-250.0,GaussianAndExtCrystalBall[JPsi;Psi2S]+ExpChebychev2[Bkg],[0.6;-1.0;2.0],[0.030;0.003;0.080],[1.1920],[1.6141],[7.0],[1.3],[1.9]
PromptDecay,DIMUON,-1.6_-1.2,NONE,6.5-50.0,15.0-250.0,GaussianAndExtCrystalBall[JPsi;Psi2S]+ExpChebychev3[Bkg],[0.6;-1.0;2.0],[0.030;0.003;0.080],[1.1920],[1.6141],[7.0],[1.3],[1.9]
PromptDecay,DIMUON,-1.6_-1.2,NONE,6.5-50.0,15.0-250.0,GaussianAndExtCrystalBall[JPsi;Psi2S]+ExpChebychev4[Bkg],[0.6;-1.0;2.0],[0.030;0.003;0.080],[1.1920],[1.6141],[7.0],[1.3],[1.9]
PromptDecay,DIMUON,-1.6_-1.2,NONE,6.5-50.0,15.0-250.0,GaussianAndExtCrystalBall[JPsi;Psi2S]+ExpChebychev5[Bkg],[0.6;-1.0;2.0],[0.030;0.003;0.080],[1.1920],[1.6141],[7.0],[1.3],[1.9]
PromptDecay,DIMUON,-1.6_-1.2,NONE,6.5-50.0,15.0-250.0,GaussianAndExtCrystalBall[JPsi;Psi2S]+ExpChebychev6[Bkg],[0.6;-1.0;2.0],[0.030;0.003;0.080],[1.1920],[1.6141],[7.0],[1.3],[1.9]
PromptDecay,DIMUON,-1.2_-0.8,NONE,6.5-50.0,15.0-250.0,GaussianAndExtCrystalBall[JPsi;Psi2S]+Uniform[Bkg],[0.6;-1.0;2.0],[0.030;0.003;0.080],[1.2404],[1.5121],[9.0],[1.2],[1.7]
PromptDecay,DIMUON,-1.2_-0.8,NONE,6.5-50.0,15.0-250.0,GaussianAndExtCrystalBall[JPsi;Psi2S]+ExpChebychev1[Bkg],[0.6;-1.0;2.0],[0.030;0.003;0.080],[1.2404],[1.5121],[9.0],[1.2],[1.7]
PromptDecay,DIMUON,-1.2_-0.8,NONE,6.5-50.0,15.0-250.0,GaussianAndExtCrystalBall[JPsi;Psi2S]+ExpChebychev2[Bkg],[0.6;-1.0;2.0],[0.030;0.003;0.080],[1.2404],[1.5121],[9.0],[1.2],[1.7]
PromptDecay,DIMUON,-1.2_-0.8,NONE,6.5-50.0,15.0-250.0,GaussianAndExtCrystalBall[JPsi;Psi2S]+ExpChebychev3[Bkg],[0.6;-1.0;2.0],[0.030;0.003;0.080],[1.2404],[1.5121],[9.0],[1.2],[1.7]
PromptDecay,DIMUON,-1.2_-0.8,NONE,6.5-50.0,15.0-250.0,GaussianAndExtCrystalBall[JPsi;Psi2S]+ExpChebychev4[Bkg],[0.6;-1.0;2.0],[0.030;0.003;0.080],[1.2404],[1.5121],[9.0],[1.2],[1.7]
PromptDecay,DIMUON,-1.2_-0.8,NONE,6.5-50.0,15.0-250.0,GaussianAndExtCrystalBall[JPsi;Psi2S]+ExpChebychev5[Bkg],[0.6;-1.0;2.0],[0.030;0.003;0.080],[1.2404],[1.5121],[9.0],[1.2],[1.7]
PromptDecay,DIMUON,-1.2_-0.8,NONE,6.5-50.0,15.0-250.0,GaussianAndExtCrystalBall[JPsi;Psi2S]+ExpChebychev6[Bkg],[0.6;-1.0;2.0],[0.030;0.003;0.080],[1.2404],[1.5121],[9.0],[1.2],[1.7]
PromptDecay,DIMUON,-0.8_-0.4,NONE,6.5-50.0,15.0-250.0,GaussianAndExtCrystalBall[JPsi;Psi2S]+Uniform[Bkg],[0.6;-1.0;2.0],[0.030;0.003;0.080],[1.2652],[1.7839],[9.0],[1.2],[1.7]
PromptDecay,DIMUON,-0.8_-0.4,NONE,6.5-50.0,15.0-250.0,GaussianAndExtCrystalBall[JPsi;Psi2S]+ExpChebychev1[Bkg],[0.6;-1.0;2.0],[0.030;0.003;0.080],[1.2652],[1.7839],[9.0],[1.2],[1.7]
PromptDecay,DIMUON,-0.8_-0.4,NONE,6.5-50.0,15.0-250.0,GaussianAndExtCrystalBall[JPsi;Psi2S]+ExpChebychev2[Bkg],[0.6;-1.0;2.0],[0.030;0.003;0.080],[1.2652],[1.7839],[9.0],[1.2],[1.7]
PromptDecay,DIMUON,-0.8_-0.4,NONE,6.5-50.0,15.0-250.0,GaussianAndExtCrystalBall[JPsi;Psi2S]+ExpChebychev3[Bkg],[0.6;-1.0;2.0],[0.030;0.003;0.080],[1.2652],[1.7839],[9.0],[1.2],[1.7]
PromptDecay,DIMUON,-0.8_-0.4,NONE,6.5-50.0,15.0-250.0,GaussianAndExtCrystalBall[JPsi;Psi2S]+ExpChebychev4[Bkg],[0.6;-1.0;2.0],[0.030;0.003;0.080],[1.2652],[1.7839],[9.0],[1.2],[1.7]
PromptDecay,DIMUON,-0.8_-0.4,NONE,6.5-50.0,15.0-250.0,GaussianAndExtCrystalBall[JPsi;Psi2S]+ExpChebychev5[Bkg],[0.6;-1.0;2.0],[0.030;0.003;0.080],[1.2652],[1.7839],[9.0],[1.2],[1.7]
PromptDecay,DIMUON,-0.8_-0.4,NONE,6.5-50.0,15.0-250.0,GaussianAndExtCrystalBall[JPsi;Psi2S]+ExpChebychev6[Bkg],[0.6;-1.0;2.0],[0.030;0.003;0.080],[1.2652],[1.7839],[9.0],[1.2],[1.7]
PromptDecay,DIMUON,-0.4_-0.0,NONE,6.5-50.0,15.0-250.0,GaussianAndExtCrystalBall[JPsi;Psi2S]+Uniform[Bkg],[0.6;-1.0;2.0],[0.030;0.003;0.080],[1.3069],[1.3768],[9.0],[1.1],[1.7]
PromptDecay,DIMUON,-0.4_-0.0,NONE,6.5-50.0,15.0-250.0,GaussianAndExtCrystalBall[JPsi;Psi2S]+ExpChebychev1[Bkg],[0.6;-1.0;2.0],[0.030;0.003;0.080],[1.3069],[1.3768],[9.0],[1.1],[1.7]
PromptDecay,DIMUON,-0.4_-0.0,NONE,6.5-50.0,15.0-250.0,GaussianAndExtCrystalBall[JPsi;Psi2S]+ExpChebychev2[Bkg],[0.6;-1.0;2.0],[0.030;0.003;0.080],[1.3069],[1.3768],[9.0],[1.1],[1.7]
PromptDecay,DIMUON,-0.4_-0.0,NONE,6.5-50.0,15.0-250.0,GaussianAndExtCrystalBall[JPsi;Psi2S]+ExpChebychev3[Bkg],[0.6;-1.0;2.0],[0.030;0.003;0.080],[1.3069],[1.3768],[9.0],[1.1],[1.7]
PromptDecay,DIMUON,-0.4_-0.0,NONE,6.5-50.0,15.0-250.0,GaussianAndExtCrystalBall[JPsi;Psi2S]+ExpChebychev4[Bkg],[0.6;-1.0;2.0],[0.030;0.003;0.080],[1.3069],[1.3768],[9.0],[1.1],[1.7]
PromptDecay,DIMUON,-0.4_-0.0,NONE,6.5-50.0,15.0-250.0,GaussianAndExtCrystalBall[JPsi;Psi2S]+ExpChebychev5[Bkg],[0.6;-1.0;2.0],[0.030;0.003;0.080],[1.3069],[1.3768],[9.0],[1.1],[1.7]
PromptDecay,DIMUON,-0.4_-0.0,NONE,6.5-50.0,15.0-250.0,GaussianAndExtCrystalBall[JPsi;Psi2S]+ExpChebychev6[Bkg],[0.6;-1.0;2.0],[0.030;0.003;0.080],[1.3069],[1.3768],[9.0],[1.1],[1.7]
PromptDecay,DIMUON,0.0_0.4,NONE,6.5-50.0,15.0-250.0,GaussianAndExtCrystalBall[JPsi;Psi2S]+Uniform[Bkg],[0.6;-1.0;2.0],[0.030;0.003;0.080],[1.2606],[1.7347],[9.0],[1.5],[1.7]
PromptDecay,DIMUON,0.0_0.4,NONE,6.5-50.0,15.0-250.0,GaussianAndExtCrystalBall[JPsi;Psi2S]+ExpChebychev1[Bkg],[0.6;-1.0;2.0],[0.030;0.003;0.080],[1.2606],[1.7347],[9.0],[1.5],[1.7]
PromptDecay,DIMUON,0.0_0.4,NONE,6.5-50.0,15.0-250.0,GaussianAndExtCrystalBall[JPsi;Psi2S]+ExpChebychev2[Bkg],[0.6;-1.0;2.0],[0.030;0.003;0.080],[1.2606],[1.7347],[9.0],[1.5],[1.7]
PromptDecay,DIMUON,0.0_0.4,NONE,6.5-50.0,15.0-250.0,GaussianAndExtCrystalBall[JPsi;Psi2S]+ExpChebychev3[Bkg],[0.6;-1.0;2.0],[0.030;0.003;0.080],[1.2606],[1.7347],[9.0],[1.5],[1.7]
PromptDecay,DIMUON,0.0_0.4,NONE,6.5-50.0,15.0-250.0,GaussianAndExtCrystalBall[JPsi;Psi2S]+ExpChebychev4[Bkg],[0.6;-1.0;2.0],[0.030;0.003;0.080],[1.2606],[1.7347],[9.0],[1.5],[1.7]
PromptDecay,DIMUON,0.0_0.4,NONE,6.5-50.0,15.0-250.0,GaussianAndExtCrystalBall[JPsi;Psi2S]+ExpChebychev5[Bkg],[0.6;-1.0;2.0],[0.030;0.003;0.080],[1.2606],[1.7347],[9.0],[1.5],[1.7]
PromptDecay,DIMUON,0.0_0.4,NONE,6.5-50.0,15.0-250.0,GaussianAndExtCrystalBall[JPsi;Psi2S]+ExpChebychev6[Bkg],[0.6;-1.0;2.0],[0.030;0.003;0.080],[1.2606],[1.7347],[9.0],[1.5],[1.7]
PromptDecay,DIMUON,0.4_0.8,NONE,6.5-50.0,15.0-250.0,GaussianAndExtCrystalBall[JPsi;Psi2S]+Uniform[Bkg],[0.6;-1.0;2.0],[0.030;0.003;0.080],[1.2372],[1.6388],[9.0],[1.2],[2.0]
PromptDecay,DIMUON,0.4_0.8,NONE,6.5-50.0,15.0-250.0,GaussianAndExtCrystalBall[JPsi;Psi2S]+ExpChebychev1[Bkg],[0.6;-1.0;2.0],[0.030;0.003;0.080],[1.2372],[1.6388],[9.0],[1.2],[2.0]
PromptDecay,DIMUON,0.4_0.8,NONE,6.5-50.0,15.0-250.0,GaussianAndExtCrystalBall[JPsi;Psi2S]+ExpChebychev2[Bkg],[0.6;-1.0;2.0],[0.030;0.003;0.080],[1.2372],[1.6388],[9.0],[1.2],[2.0]
PromptDecay,DIMUON,0.4_0.8,NONE,6.5-50.0,15.0-250.0,GaussianAndExtCrystalBall[JPsi;Psi2S]+ExpChebychev3[Bkg],[0.6;-1.0;2.0],[0.030;0.003;0.080],[1.2372],[1.6388],[9.0],[1.2],[2.0]
PromptDecay,DIMUON,0.4_0.8,NONE,6.5-50.0,15.0-250.0,GaussianAndExtCrystalBall[JPsi;Psi2S]+ExpChebychev4[Bkg],[0.6;-1.0;2.0],[0.030;0.003;0.080],[1.2372],[1.6388],[9.0],[1.2],[2.0]
PromptDecay,DIMUON,0.4_0.8,NONE,6.5-50.0,15.0-250.0,GaussianAndExtCrystalBall[JPsi;Psi2S]+ExpChebychev5[Bkg],[0.6;-1.0;2.0],[0.030;0.003;0.080],[1.2372],[1.6388],[9.0],[1.2],[2.0]
PromptDecay,DIMUON,0.4_0.8,NONE,6.5-50.0,15.0-250.0,GaussianAndExtCrystalBall[JPsi;Psi2S]+ExpChebychev6[Bkg],[0.6;-1.0;2.0],[0.030;0.003;0.080],[1.2372],[1.6388],[9.0],[1.2],[2.0]
PromptDecay,DIMUON,0.8_1.2,NONE,6.5-50.0,15.0-250.0,GaussianAndExtCrystalBall[JPsi;Psi2S]+Uniform[Bkg],[0.6;-1.0;2.0],[0.030;0.003;0.080],[1.0846],[1.5565],[9.0],[1.2],[2.0]
PromptDecay,DIMUON,0.8_1.2,NONE,6.5-50.0,15.0-250.0,GaussianAndExtCrystalBall[JPsi;Psi2S]+ExpChebychev1[Bkg],[0.6;-1.0;2.0],[0.030;0.003;0.080],[1.0846],[1.5565],[9.0],[1.2],[2.0]
PromptDecay,DIMUON,0.8_1.2,NONE,6.5-50.0,15.0-250.0,GaussianAndExtCrystalBall[JPsi;Psi2S]+ExpChebychev2[Bkg],[0.6;-1.0;2.0],[0.030;0.003;0.080],[1.0846],[1.5565],[9.0],[1.2],[2.0]
PromptDecay,DIMUON,0.8_1.2,NONE,6.5-50.0,15.0-250.0,GaussianAndExtCrystalBall[JPsi;Psi2S]+ExpChebychev3[Bkg],[0.6;-1.0;2.0],[0.030;0.003;0.080],[1.0846],[1.5565],[9.0],[1.2],[2.0]
PromptDecay,DIMUON,0.8_1.2,NONE,6.5-50.0,15.0-250.0,GaussianAndExtCrystalBall[JPsi;Psi2S]+ExpChebychev4[Bkg],[0.6;-1.0;2.0],[0.030;0.003;0.080],[1.0846],[1.5565],[9.0],[1.2],[2.0]
PromptDecay,DIMUON,0.8_1.2,NONE,6.5-50.0,15.0-250.0,GaussianAndExtCrystalBall[JPsi;Psi2S]+ExpChebychev5[Bkg],[0.6;-1.0;2.0],[0.030;0.003;0.080],[1.0846],[1.5565],[9.0],[1.2],[2.0]
PromptDecay,DIMUON,0.8_1.2,NONE,6.5-50.0,15.0-250.0,GaussianAndExtCrystalBall[JPsi;Psi2S]+ExpChebychev6[Bkg],[0.6;-1.0;2.0],[0.030;0.003;0.080],[1.0846],[1.5565],[9.0],[1.2],[2.0]
PromptDecay,DIMUON,1.2_1.6,NONE,6.5-50.0,15.0-250.0,GaussianAndExtCrystalBall[JPsi;Psi2S]+Uniform[Bkg],[0.6;-1.0;2.0],[0.030;0.003;0.080],[1.2026],[1.5348],[11.0],[1.5],[1.9]
PromptDecay,DIMUON,1.2_1.6,NONE,6.5-50.0,15.0-250.0,GaussianAndExtCrystalBall[JPsi;Psi2S]+ExpChebychev1[Bkg],[0.6;-1.0;2.0],[0.030;0.003;0.080],[1.2026],[1.5348],[11.0],[1.5],[1.9]
PromptDecay,DIMUON,1.2_1.6,NONE,6.5-50.0,15.0-250.0,GaussianAndExtCrystalBall[JPsi;Psi2S]+ExpChebychev2[Bkg],[0.6;-1.0;2.0],[0.030;0.003;0.080],[1.2026],[1.5348],[11.0],[1.5],[1.9]
PromptDecay,DIMUON,1.2_1.6,NONE,6.5-50.0,15.0-250.0,GaussianAndExtCrystalBall[JPsi;Psi2S]+ExpChebychev3[Bkg],[0.6;-1.0;2.0],[0.030;0.003;0.080],[1.2026],[1.5348],[11.0],[1.5],[1.9]
PromptDecay,DIMUON,1.2_1.6,NONE,6.5-50.0,15.0-250.0,GaussianAndExtCrystalBall[JPsi;Psi2S]+ExpChebychev4[Bkg],[0.6;-1.0;2.0],[0.030;0.003;0.080],[1.2026],[1.5348],[11.0],[1.5],[1.9]
PromptDecay,DIMUON,1.2_1.6,NONE,6.5-50.0,15.0-250.0,GaussianAndExtCrystalBall[JPsi;Psi2S]+ExpChebychev5[Bkg],[0.6;-1.0;2.0],[0.030;0.003;0.080],[1.2026],[1.5348],[11.0],[1.5],[1.9]
PromptDecay,DIMUON,1.2_1.6,NONE,6.5-50.0,15.0-250.0,GaussianAndExtCrystalBall[JPsi;Psi2S]+ExpChebychev6[Bkg],[0.6;-1.0;2.0],[0.030;0.003;0.080],[1.2026],[1.5348],[11.0],[1.5],[1.9]
PromptDecay,DIMUON,1.6_1.93,NONE,6.5-50.0,15.0-250.0,GaussianAndExtCrystalBall[JPsi;Psi2S]+Uniform[Bkg],[0.6;-1.0;2.0],[0.030;0.003;0.080],[1.2770],[1.4615],[11.0],[1.5],[1.9]
PromptDecay,DIMUON,1.6_1.93,NONE,6.5-50.0,15.0-250.0,GaussianAndExtCrystalBall[JPsi;Psi2S]+ExpChebychev1[Bkg],[0.6;-1.0;2.0],[0.030;0.003;0.080],[1.2770],[1.4615],[11.0],[1.5],[1.9]
PromptDecay,DIMUON,1.6_1.93,NONE,6.5-50.0,15.0-250.0,GaussianAndExtCrystalBall[JPsi;Psi2S]+ExpChebychev2[Bkg],[0.6;-1.0;2.0],[0.030;0.003;0.080],[1.2770],[1.4615],[11.0],[1.5],[1.9]
PromptDecay,DIMUON,1.6_1.93,NONE,6.5-50.0,15.0-250.0,GaussianAndExtCrystalBall[JPsi;Psi2S]+ExpChebychev3[Bkg],[0.6;-1.0;2.0],[0.030;0.003;0.080],[1.2770],[1.4615],[11.0],[1.5],[1.9]
PromptDecay,DIMUON,1.6_1.93,NONE,6.5-50.0,15.0-250.0,GaussianAndExtCrystalBall[JPsi;Psi2S]+ExpChebychev4[Bkg],[0.6;-1.0;2.0],[0.030;0.003;0.080],[1.2770],[1.4615],[11.0],[1.5],[1.9]
PromptDecay,DIMUON,1.6_1.93,NONE,6.5-50.0,15.0-250.0,GaussianAndExtCrystalBall[JPsi;Psi2S]+ExpChebychev5[Bkg],[0.6;-1.0;2.0],[0.030;0.003;0.080],[1.2770],[1.4615],[11.0],[1.5],[1.9]
PromptDecay,DIMUON,1.6_1.93,NONE,6.5-50.0,15.0-250.0,GaussianAndExtCrystalBall[JPsi;Psi2S]+ExpChebychev6[Bkg],[0.6;-1.0;2.0],[0.030;0.003;0.080],[1.2770],[1.4615],[11.0],[1.5],[1.9]
